-90.1361176729556,-97.8098032042258,-91.07229306600294,-96.02952353643259,-90.68002490339025,-98.716801402351,-96.96979682056745,-73.20820296056213,-93.42758772213577,-34.88178600053202
-98.24940009362668,-97.93970302213646,-92.05155937048428,-96.46518829911486,-91.70905428886235,-95.27573786099246,-98.49323165002073,-95.79187555486516,-98.02186977910546,-93.5837622285341
-98.56018279859767,-98.44935255853784,-93.01999164217489,-97.33856584855857,-94.79834272223565,-90.53900035937738,-98.69945144181514,-98.69435052434406,-97.75134930329583,-93.58323037146367
-99.21932318183342,-98.95486146256587,-93.0188647552935,-96.89980557887704,-92.7219834430345,-97.66163907832976,-99.23552356285123,-99.03148297288446,-98.29383854401183,-93.58346287963563
-95.69104842325375,-96.75377151178176,-93.01809822250179,-96.8996613084113,-91.6961377637832,-97.37908134675911,-99.23545863637166,-89.1447489083348,-98.02023036057523,-87.91664791680202
-98.99946086748889,-95.02008075059696,-92.04274919526718,-98.22633293368985,-90.67772483986474,-95.93485057754712,-99.01728215235761,-86.81407194340677,-97.48590510121224,-92.84576152238138
-97.3470259209462,-95.24589538190163,-90.11680201746663,-98.22619718007493,-95.84610439243981,-90.64601735086055,-98.90927848145162,-86.8138117476345,-97.22417570324285,-92.11941734323548
-99.21941203052695,-93.07869517458803,-94.01417872771572,-97.3391775030553,-93.75565568524206,-85.93965320929225,-99.23565732937793,-88.52137600389771,-98.57187704777051,-95.10500281511231
-98.5602153791793,-98.32491137254337,-92.04163234585678,-96.4636103778094,-94.79806634180547,-98.4260408963166,-98.90961757739498,-98.17579619180519,-96.46497176279814,-90.68198186948963
-98.15046489572809,-97.44481760002643,-89.17757380416616,-95.16838009730193,-88.67390669344543,-93.15900360341607,-97.21934656847375,-96.63904781929183,-96.2205955959615,-89.28163289038142
-98.56063885811675,-97.0903066464471,-92.04531555778134,-96.90235314530112,-93.7562131769872,-89.84495799291899,-99.235808324473,-80.65342988102314,-98.02106392887565,-90.68898705222152
-98.56177565172041,-98.45020094780044,-92.04491043069488,-96.90235314530112,-93.7562131769872,-90.43105573564354,-99.235808324473,-97.8876010892383,-98.02097014186278,-90.6854393215068
-98.66953139512617,-98.4504762172751,-92.04365828849286,-96.90271835271912,-93.75674696850572,-95.84074731408919,-99.23586670244389,-96.91850982216079,-98.02063858406453,-85.91460824927657
-98.14788261230069,-97.93779146257178,-84.66324740688462,-95.1629775815129,-86.65821618485818,-97.66150701051255,-98.59482754711985,-82.04379036090302,-96.21724101849333,-87.91559513575184
-90.13771736775115,-96.64201660190523,-85.53463370393153,-91.26889035240909,-85.65624878407134,-97.66151340332746,-97.4714746446413,-69.43277185808458,-78.82932687227256,-76.92114922667656
-98.8889541977945,-98.69974001864483,-94.01181214863742,-96.46328045123576,-88.66503021053778,-98.62196763098788,-99.12640737524893,-98.6943167977134,-95.25985739610323,-91.400602377072
-83.84521715754411,-98.57545049286892,-90.1150068102056,-96.46284063178418,-91.69511751139441,-82.63069031674189,-98.8032657918581,-85.31084971228067,-80.58611772896685,-87.24455359426224
-98.88893767839444,-98.57571766500749,-94.01161528928354,-96.8991994570747,-91.69581516011584,98.16357547102808,-99.12638983466744,-98.48014710410162,-95.25936864054052,-91.40050994204549
-98.66800769199364,-98.4488091823973,-94.01157173243442,-96.89918195677394,-91.69569900064297,-91.74023905235069,-99.12638246899287,-98.6941482416375,-95.25922993216341,-90.68053613334055
-90.79337505454804,-91.66370667497903,-83.78684967796853,-87.29742886578713,-79.65882642613614,-90.20324449682354,-98.1953259315646,-72.89044585314187,-92.96996604632683,-89.97665403645327
-97.74422038699399,-97.20858330125617,-93.01781956746275,-95.16264923079753,-88.66409507686068,-97.19621910472364,-98.80340635950965,-84.61232206045416,-93.4297039069572,-85.91448192313564
-98.5603220485401,-98.8270044817735,-90.1394527136496,-95.1646105415854,-88.66926430134258,-99.00410565511957,-98.80381624086347,-98.58681351673664,-97.4864875375508,-92.8477563478402
-98.99952383793256,-98.82703772175584,-93.01883444020137,-96.4633929067252,-94.79786410088455,-99.30052857067639,-99.23548747862499,-98.917069080086,-97.48648938811746,-92.84787931667798
-97.64279876319739,-98.57575196543618,-88.25120997898098,-96.02868000909024,-90.67593591030192,-97.28587855092563,-98.5949529009778,-96.91898285486462,-96.96664646974277,-92.12063489405617
-88.72733434635722,-62.04347667113233,-91.07203686984772,-93.434472344183,-84.65569935413792,-52.852539278170845,-98.29241056329454,-57.211108820611756,-89.1036178432642,-75.7029219275117
-97.25252685917273,-95.24558350903368,-91.07201601314308,-94.73325520813049,-87.65901466843854,-90.53845911245533,-98.59468319188383,-34.248907145894215,-96.96588261012543,-87.9152475906196
-91.3221995268089,-85.63714232136726,-93.01764535012785,-96.46301434446575,-91.6952216205876,-83.8571768800914,-99.12633457649625,-84.18566974672203,-94.34156818535436,-84.58861643838642
-91.4230922881691,-98.69940197281876,-93.01750809793492,-96.46290949114172,-91.6950725743748,-82.76661660615265,-99.2354083669088,-86.54304892202802,-93.65826575901616,-88.59657682797821
-85.27915260709833,-81.3776700206663,-93.01730576609746,-95.59571445263592,-94.79763943164123,-83.30627315376172,-96.88707607129076,-86.13177546567418,-93.42765529227579,-77.53869372291159
-90.2486948840946,-82.27111065632462,-88.24587371479855,-94.73275260549984,-87.65784523000679,-90.31676864360448,-96.97067417982703,-85.99782922419926,-95.49483302305481,-77.54412546014363
91.97184230732525,0.11006158657546905,-87.32991881795128,-91.70198759739876,-87.65800101229135,98.18003137967726,-95.25656314665186,91.15642318450061,-95.73333763342794,-14.59054501983423
-84.45736706584388,-62.710382213649005,-93.01741322451815,-91.70255265092187,-87.658866509652,-90.31695540761731,-97.8251321432342,-86.54324239193556,-95.25918539735294,-87.91827807012152
-88.2838917868331,-63.709743355548746,-88.2510264478123,-94.30022685158997,-91.69585725869267,-90.53900988820507,-97.55982696432092,-52.28797272790025,-96.46541970270981,-87.9214814690695
-88.72476120770034,0.14395144026026685,-89.17277525785833,-90.00786910095034,-85.65719832135923,98.46975362610712,-97.05083544896628,92.5937218745292,-76.10215666218234,-85.25163222296925
-71.43286340036121,-81.55690359717873,-83.78344471550743,-91.70208097106199,-82.65402762604936,98.50896228337855,-97.21786817643812,92.50403102278534,-95.7333824011766,-76.3158118920651
-75.92969766099749,0.12249365515164357,-87.32993540384292,-95.59508323016202,-89.65955220455236,98.33734392907954,-70.75884854064971,-86.54280391648497,-96.4654780850181,-18.200826160923253
-88.72568270008408,-81.37843585142113,-93.01764390263634,-96.8991417672879,-89.6608940106709,-82.76487847809703,-98.80316351837654,-85.99671041056274,-90.3002849117237,-18.199270861343663
92.86230073301381,0.15830184319435148,0.12702125143765386,-62.00476737053128,-84.65195160463205,98.5810394284921,93.20971757965323,92.7326464880897,-64.55527863398076,-13.659831710511996
-76.30375315320082,-82.2676530871074,-89.17274901089998,-95.59543789451779,-91.69467879802053,-82.76388855846947,-37.31756486072713,-86.40474414665263,-92.26343297611045,-13.66628226783543
-88.06090504797604,0.14403269487128512,-93.01763583404916,-95.16204725643802,-85.65327671293812,98.47893525972552,-79.87865132959365,-85.85892689241965,-95.2590593245385,-23.43858066355407
-88.50373340983357,1.500024024262359,-74.27753592014787,-94.29989296024611,-85.65345990105952,98.60941018010388,-98.5945585539198,92.46906791179475,-95.259283600996,-27.602566363192754
93.20908290807283,1.5110793410724455,-90.11417203264389,-95.594924453564,-88.66050260625069,98.6747380216418,-80.15898007378185,93.36603732746907,-62.02864884166418,0.1303013957670771
92.78783836421631,0.14520243813771572,-90.11457191844585,-96.46271162080997,-89.65951073510129,98.50555096163131,92.80473573313618,92.59756733031837,-72.95883772463428,-4.979660857543623
92.45369279988047,1.4660673202996577,-93.01752258443182,-96.46271781694408,-86.65677167115143,98.43557397309552,92.51714703953198,92.17696619126548,-86.69145964624535,-18.198427222317708
92.41212911875215,0.12216410338949402,-93.01755873856737,-96.46288034201434,-91.69479085639499,98.37556288079642,-98.19517869715425,92.02751600129447,-92.49896571450402,-19.988642333725963
92.59553061969302,0.12262030867218243,-93.01748908452535,-98.22615960146602,-95.8460336273524,98.47807654624276,-98.69928114043847,92.41100585581005,-91.8046942285608,-86.57492618195151
-90.13742904518158,1.4768428303883923,-93.01751196794976,-98.22621603134073,-87.6621998495926,98.44551964761263,-98.49206727921738,92.31743945292936,-93.42796697853043,-88.59388085005337
-86.62606586057215,0.13573153899254464,-84.65593777143525,-98.22624301408803,-86.65603305658784,98.4318421352735,-80.16088922609298,92.3565539898109,-92.49905982784921,-19.097087796683986
92.27393748708629,0.12571308478024434,-94.01172475531425,-98.22628020723317,-95.84622918769323,98.35868730366666,-99.5631027052443,91.99703104140515,-95.25929257124724,-15.488885339597347
-87.73264038294498,0.11595097254006248,-94.01177446955792,-98.22627901683869,-95.84622918769323,98.34158182480205,-99.45389891816856,92.1098389506517,-80.8280258415648,-15.490096324638483
-51.91952955322841,0.11547219260079089,-94.01165208026615,-98.22627901683869,-95.84622918769323,98.3248915919382,-99.45390806795392,91.81682070848092,-91.58116806596007,-75.7036976194179
-42.12493703042984,1.4670888289629431,-94.01161482594438,-98.22623800589261,-94.79796090301433,98.33467352673036,-91.170841448886,91.85797363521607,-72.96121723625214,-15.497683130776323
-89.91782051148175,0.1136362020016577,-94.01161646663263,-98.22623800589261,-91.69494336555205,98.3233888410818,-98.80318226931377,91.74534301307749,-94.1154314500607,-88.59362792095494
-90.6828729781415,0.11526030099672369,-90.11565448625949,-96.4631402040068,-91.69525724888013,-79.91875188859353,-98.80322748987548,-87.21529663794703,-92.73298361994036,-87.24364641547177
-90.68280878068522,-82.79569198844611,-93.01749974943327,-96.4629988439295,-91.69494336555205,-78.50661786309121,-98.80318226931377,-87.21521409151539,-92.73298184101746,-87.24354837723774
-90.68287533632736,0.1158038295113073,-94.01161646663263,-98.22623800589261,-94.79796090301433,98.3212483567701,-99.4539028910535,-22.38334012917974,-92.73302574618069,-87.24369997057413
-88.5038399645062,-81.55725264191655,-90.11444063088506,-94.3006228686237,-86.65673133663708,-82.35028278108568,-98.90910982841368,-87.21472394689276,-94.34140522982776,-18.194818722856223
-79.00245469837783,-81.55799073938587,-86.42412015732081,-98.22623302442747,-94.79793824986261,-80.8578465041863,-99.45390134181142,91.88068294201271,-72.96053492318148,-15.489079150953838
-90.68289106947056,-82.79589581203706,-92.0400142901466,-98.22623302442747,-94.79793824986261,-83.172321595915,-99.45390134181142,-87.21530250231076,-94.79635513608405,-91.39927900455909
92.30833926467876,1.473469778099684,-86.42439477824723,-98.22619700061374,-92.7202601008783,98.4007126137655,-99.1263092557348,92.1094447792638,-72.96034517857265,-15.488450644563148
92.55390487800366,1.4785594363734162,-82.91340733564465,-98.22623469058304,-92.7202601008783,98.43518100573193,-99.1263000465127,92.14576924221537,-73.77662150146391,-15.485524626010234
92.25485022854284,1.4733988680353036,-83.78257916421947,-98.22619700061374,-92.7202601008783,98.38618186694524,-99.1263092557348,92.11579519613619,-72.96025440806521,-15.48848399700274
92.21138598853403,1.473117180687595,-82.91347502529077,-98.22619700061374,-92.72058660041299,98.38535813458225,-99.12634589030482,92.00933639655123,-72.96027876774839,-15.488614264462267
92.63592126550675,1.4744792865572407,-81.18220341512448,-96.4626754990482,-91.69439326917252,98.38836036250248,-99.1263000465127,92.11536266037868,-73.23458496711939,-16.392737450072204
92.10347257926394,0.11659294756488237,-89.17313565060182,-95.16249811936524,-88.66142049743377,98.37047073434164,-80.1617173875022,91.83130260483692,-72.96106188081875,-15.49009263679679
92.10983163288171,1.4581115339146606,-8.372040356323424,-96.46301137117145,-91.69506587397625,98.33164143576354,-99.12631231248987,91.79692622148019,-72.96185135476806,-18.202725462720487
92.12892893430018,0.11783957267370226,-89.17336148331144,-96.89919072014779,-91.6951643040818,98.33451285146826,-22.868749351402457,91.8303710148281,-72.96107986821988,-18.202420162207417
92.29301290662825,1.4765617814171463,-8.370194408610429,-96.46281897799558,-91.69464018374785,98.3562812117253,92.34116173775156,91.97749551783711,-73.2353783374562,-18.19935329302465
92.15801870689067,1.4641976696436672,-8.372314371166611,-96.46282227517013,-91.69464258089977,98.33999880280011,92.21305928832051,91.8660723754312,-72.96105970363183,-20.87467175107031
91.98828054644144,1.4590557598640288,-8.374892478941291,-96.46285862834239,-91.69468157788879,98.30501863347473,92.05672309549881,91.84337507172683,-78.82637364463974,-16.405204374252342
92.41918004668315,1.4714827622352402,0.1256001493029828,-96.46285862834239,-91.69464258089977,98.39959916058228,92.51294044042594,92.19391996557243,-73.77815700197448,-18.201546335740137
92.45453355152685,1.470975177715971,-4.130603846952952,-65.91097991900924,-14.008851375412368,98.434128768949,92.49021883232587,92.11669737192065,-73.77803173403886,-18.20305427343533
92.56728548130917,1.4823048180629854,-4.1306626455685915,-63.33512831163672,-11.779693117189137,98.4357124956879,92.60926563667648,92.19438960075622,-73.77810509388507,-19.099403896124766
92.56728548130917,1.4823048180629854,-8.370634519359976,-63.33512831163672,-11.779693117189137,98.45295796580895,92.61120752202,92.32730104110063,-73.77783822285365,-18.20187984337342
92.56728548130917,1.4823048180629854,-7.324143070369384,-63.33512831163672,-11.779693117189137,98.45295796580895,92.61120752202,92.32730104110063,-73.77783822285365,-18.20187984337342
92.56728548130917,1.4823048180629854,-7.324143070369384,-94.29996802140496,-11.779693117189137,98.45295796580895,92.61120752202,92.32730104110063,-73.77790136488356,-18.201877522968363
92.55643266128715,1.4823048180629854,-31.2227637709756,-94.29996802140496,-17.27259399556259,98.43967972849676,-15.072824254018208,92.32730104110063,-92.26439669857731,-38.837683357754834
92.67533305830165,1.4878536339885358,-4.125318444974791,-95.16218767972786,-87.65730353466924,98.46519053717145,92.77641505628598,92.4062209416509,-73.77666547625518,-18.199713722990698
92.56728548130917,1.4827753301943858,-8.370438258416483,-94.29996802140496,-4.966120339437351,98.4541803983689,92.62041584739752,92.32898056350402,-73.77783822285365,-18.201761425712128
92.6296500618995,1.4878536339885358,-6.25894599902828,-94.73277795392231,-89.65985506573803,98.46514747827779,92.72959781276569,92.42312080859205,-73.77720549847298,-18.19739086296274
92.73031644560676,1.4878536339885358,-8.364797392636191,-93.43340707788572,-85.65264529308057,98.46720380824114,92.83545909983658,92.42312080859205,-73.77649569289822,-18.19693015811266
92.7299932737548,1.4878536339885358,-8.364797392636191,-87.66404559165862,-84.6520882209317,98.46534651584074,92.79770802894647,92.42312080859205,-73.77653944319805,-18.196955131379678
92.75358757354084,1.4878536339885358,-8.364860382296074,-96.46267823450917,-91.6943701256242,98.46720380824114,92.83545909983658,92.42312080859205,-73.7765055971867,-18.197344397531023
92.7350404546728,1.488075285916139,-8.364985744964324,-93.86621018388786,-91.69436841837464,98.46703852500117,92.82582252668975,92.4203894675686,-73.77650768591316,-18.19694747579492
92.62865414754158,1.4827130268042907,-4.127452983785816,-70.06849211183669,-82.65345089983553,98.4576701006795,92.7488608573135,92.36911053900756,-73.77754089272524,-18.200621751205283
92.56867706450636,1.4822557931377531,-7.3241403826982205,-63.33512679348941,-11.779689661621754,98.45195902221789,92.61493857130914,92.32652128963649,-73.7779003125919,-18.20049509388557
92.56728548130917,1.4823048180629854,-4.1302449121968765,-58.36669722689418,-2.6555013262588423,98.45295796580895,92.61218190030463,92.32730104110063,-73.77791682359799,-18.201908263810022
92.73073041098796,1.4880775528819896,-4.128787594133695,-70.48443454027169,-87.65729084997888,98.46450861675699,92.7556619475073,92.38648022253058,-73.77721975427494,-18.199278923597348
92.68692564748086,1.4880619265350248,-6.260135188559381,-70.0687743712483,-86.6548812953348,98.46009049041587,92.72255943059743,92.3776475391458,-73.77777803042709,-18.200081481495168
92.5761033690386,1.482742285642118,-7.324325254879457,-58.36658256190675,1.3281711538932939,98.45304816800663,92.61488333434801,92.32547018604181,-73.77792596489583,-18.201859680696572
92.5761033690386,1.482667209423056,-7.324325254879457,-58.36658256190675,1.3281711419474505,98.45304816800663,92.61488333434801,92.32547018604181,-73.77792596489583,-18.20185886584542
92.58371195087409,1.482667209423056,-4.130012163420978,-58.36657998026291,1.2272704468262532,98.44904939551921,92.62983152202072,92.3240865326859,-73.77792505998067,-4.99016539321926
92.54837332221527,1.4711850402077857,-4.1300132953120094,-58.366581504030194,1.3281615014038834,98.4521585259578,92.58857685429297,92.24955519372722,-73.7779258164251,-18.2018774949142
92.5761033690386,1.4826389389990737,-7.324325254879457,-58.36658256190675,1.3281711419474505,98.45304816800663,92.61488333434801,92.32547018604181,-73.77792596489583,-18.20185886584542
92.5761033690386,1.482667209423056,-7.324325254879457,-58.36658256190675,0.25584514753005294,98.45304816800663,92.61488333434801,92.32547018604181,-73.77792596489583,-18.20185886584542
92.5761033690386,1.482667209423056,-7.324325254879457,-58.36658256190675,1.3281711419474505,98.45304816800663,92.61488333434801,92.32547018604181,-73.77792596489583,-18.20185886584542
92.5761033690386,1.482667209423056,-4.130162071989893,-58.36658256190675,1.3281711419474505,98.45304816800663,92.61488333434801,92.32547018604181,-73.77792596489583,-18.20185886584542
92.54837332221527,1.47129756550342,-4.130162071989893,-58.36658256190675,1.3281335661103526,98.45223722615755,92.60912335076266,92.24939589452674,-73.77792596489583,-18.202196500175944
92.58701410575827,1.48300806831719,-4.130420584406611,-58.36658256190675,1.328141772514286,98.45431655758769,92.61488333434801,92.2895630310967,-73.77792596489583,-18.201855707307754
92.72595883942788,1.4880005663589202,-4.130420584406611,-58.36658256190675,1.3281387326318423,98.46707672816474,92.68659875462085,92.34431917209437,-73.77792596489583,-18.200512890176476
92.7353992462411,1.4881220025108917,-4.130304217510554,-68.40054745657437,-79.65084601869957,98.467150624675,92.80387892769782,92.42027689421982,-73.77766852467443,-18.197647678551924
92.65726063677442,1.4878536339885358,-4.130420584406611,14.269946547136797,1.4297117997326012,98.46534651584074,92.69707811743442,92.3866867697626,-73.77792596489583,-4.9907109917066705
92.72789793014444,1.4878788636798248,-7.32267605613255,-95.5952652711657,-4.962182685666863,98.46720762597978,92.76819256109904,92.4231055940496,-73.77729486497783,-18.199840702816854
92.56839249606946,1.4823490087654818,-6.260308395827931,-60.65625756490171,0.1612631445385233,98.45250922928734,92.6221605547015,92.32730104110063,-73.7778923812519,-4.991548540942562
92.56867706450636,1.4827285574240676,-14.583005074776198,-63.33512679348941,-11.779689661621754,98.45523218181482,92.61751597393214,92.36898904105017,-73.77796258426153,-18.203435868868972
92.58602140287454,1.4823633314710918,-6.260465003306833,-50.704131290463174,0.16110819376072527,98.45401627480791,92.58026259548467,92.36793800217762,-73.77794195744455,-4.992279384081717
92.38406561718612,1.482246927160503,-4.144929626766481,-50.70840022049223,0.06582854782038794,98.4472070753505,92.08355655023598,92.22974587619936,-79.08435694027148,-21.746554265852016
92.45765532395473,1.482246927160503,-7.339572571771005,-0.4450840580974033,0.25407082946301784,98.45060024177975,92.14610945933121,92.32652128963649,-73.78122900708323,-27.614829805246547
92.53898935102708,1.4823273021803942,-6.270109193215567,-62.4579983426599,-1.5143582171403507,98.45195902221789,92.22564809401834,92.2501388736975,-73.78082247981551,-18.207839919265037
92.57315772796824,1.482246927160503,-8.375962210863076,1.4144433869739288,-1.5019760776928706,98.45096510399965,92.42815012393639,92.24656059259996,-73.511021257073,-19.102297213769788
92.57487914039352,1.4826871419312795,-6.259271024248722,-55.56003803740408,0.9287033830026274,98.44905031882676,92.57771997027335,92.31922346766197,-61.405614328349394,-17.30021549159536
92.58371195087409,1.482619542306466,-8.370041759601369,1.8116982917627524,0.9285799586520795,98.44905031882676,92.61505420584338,92.31922346766197,-72.96085639118922,-17.29967062787087
92.55408345688286,1.4826247490061348,-6.259691409895123,-58.82988463432962,-2.65292620639598,98.4339687619468,92.52918792313216,92.35945603081507,-73.7779539060757,-4.9898990578405025
92.55728129912627,1.4827425117390192,-6.258785069053188,1.547252330730302,2.055663464682908,98.45046954624223,92.53440636263645,92.30873149260104,-73.7776715246895,-12.73926310267195
92.62663689977745,1.4881220025108917,-8.36970792652132,1.5496082561986952,0.9286746459806068,98.46533305132787,92.63713970645699,92.40405650479914,-73.50864081207062,-4.9899958719353
92.6311162423546,1.4881220025108917,0.23280422776005594,1.5501819394888656,0.9287083607991775,98.4576494282006,92.65641164356616,92.40496384646583,-61.40399972906287,-4.988063970562732
92.7652709522579,1.488070076259845,0.5584670016035886,-93.86604698536583,-85.65237892933665,98.467150624675,92.85308888550182,92.42027689421982,-72.95942583188709,0.2657194046875304
92.75579668752887,1.4881379020373515,0.12672414644126206,-59.28804416138827,0.35146669702713496,98.46759018181524,92.9536742811871,92.42023058840151,-64.5561683989366,-4.98018402154918
92.75046707809238,1.477053507732748,0.5588128269055517,0.38934102379266733,1.533266746856171,98.44863825975453,93.03285849740779,92.34322984942466,-64.55609467478611,-16.39156175221831
92.5942685864435,1.477053507732748,0.3420492398691408,0.6462057219750363,-82.65224699359173,98.41022233439587,92.90093730198686,92.21324518890577,-73.77669302978704,-16.391574374553635
92.60596555611716,1.4740383263305574,0.019365673431565256,37.19109629176167,-1.4925774714906537,98.43203992079755,92.97748828841642,92.34619474133558,-62.653750086469486,-4.982056145616017
92.69177757135424,1.477053507732748,0.12680198371897689,0.6449581772611594,-74.68476329303336,98.4101005439808,92.76308389146094,92.21324518890577,-62.65385430029799,-16.391576019738107
92.59850439076529,1.477053507732748,0.5583828106454973,-58.3634130500667,0.06779000655930645,98.43157975819895,92.90455443105466,92.21324518890577,-61.40245792409378,-4.981734116616271
92.49658441081337,1.4712786787979297,0.7771688802133951,-40.79140122002989,2.0560506788741435,98.39748584828223,92.7203817563344,92.15939507531942,-62.654676876714724,0.12842395311281507
92.50004229545287,1.47157108495432,-8.368260489142262,15.006040603538054,2.056065817313552,98.42484412973045,92.8545220481906,92.11944678934918,-62.031409328474126,-4.987808498779503
92.64052940419063,1.477794509042056,0.66771910731552,-40.79163380070828,-2.64891340138425,98.40000305812927,92.82517818918625,92.19807157021972,-63.920403494713256,-4.986672301940958
92.62822188934375,1.4716872977547553,0.5581966946101602,-40.78903254926856,1.950281774867264,98.42046945463035,92.83245826028873,92.28950347969746,-62.342181680902705,-4.000060951608676
92.63448867075452,1.477053507732748,0.12591572474126167,-40.790412871512046,0.8310491674603071,98.44435034755091,92.7774604899829,92.29043181422743,-63.92052222010732,-4.0006169254211645
92.52143390659407,1.477053507732748,0.6675765265265738,-40.789722680731984,-1.4904131510417609,98.4296111974128,92.74291001780819,92.19700727607993,-62.34278199955721,-4.987616362873382
92.51309394178253,1.4712412559961479,0.777088918076501,15.006453423384258,-1.4901737910402857,98.4179941651061,92.75645471959896,92.118791640303,-62.031533880586494,-4.988496795338931
92.6060803831494,1.4715541223875306,0.125887848290688,-41.29353910146432,2.056065817313552,98.41717795480102,92.78983634645593,92.30329399274407,-62.65437670458297,-4.00162135582329
92.54878945545464,1.4728700685229654,0.12592293023890022,-40.79055369263904,0.8310373984998307,98.42229813101355,92.69104555481344,92.30143100072881,-62.032310637999544,-4.987601885180191
92.52475687579037,1.4714827622352402,0.12595272377706124,-41.29468012310472,-1.4924407435470481,98.42453082799304,92.69167570063405,92.28908520746343,-62.65512194179591,-4.98889571858227
92.42496798316441,1.47107221674095,0.018941215343474482,-41.293763797089774,-1.4910704297958248,98.41904725165881,92.67865661185708,92.1562725797516,-61.71746837497807,-4.002547106642956
92.48027749222642,1.4790995301592886,0.018902362786150206,15.006921116775246,-1.4914274673636265,98.42547470755213,92.65579621058613,92.21698210481136,-73.77739602553837,-4.988672146300831
92.65858909424105,1.4814230322050292,0.7768417729025003,15.131397854149185,0.8311514400443372,98.43345052941122,92.8160807466836,92.21746526912065,-61.40381824016824,-4.984648159476449
92.48888925035882,1.479487779406341,-7.320573705459153,15.006567248600433,-2.6482164351883073,98.42580726986269,92.66134194698454,92.21680500482519,-62.65497134289743,-4.98793157657452
92.59966883128197,1.4798652787584814,0.5581612804905092,15.007559539820193,-1.4854403509852039,98.45001146293382,92.90005647315178,92.3076257397577,-6.670150721574952,-4.986943340349533
92.56517979041362,1.4712916924510608,0.6677551227829923,-61.10472485716777,0.9289758566603155,98.40476720900794,92.88826296724262,92.06347886173572,-64.23627806333671,-4.9824716740124915
92.35362661885091,1.4716577366594663,0.7769428764998594,-28.82445522039509,0.9291225022620893,98.4113248496139,92.71863794461609,92.06347886173572,-62.34254021126952,-4.987936907039723
92.42577330295599,1.476624376716586,0.018808672530326476,2.0735256700147033,0.8315520061506874,98.40682281166718,92.68201688210956,92.1379638085799,-61.403930196839966,-4.987492510969773
92.6223981942457,1.4712399776254301,0.7769343763836787,2.2021586551357757,-1.4922743299839833,98.40487145405025,92.68730046591422,92.22700659328692,-62.654462304242664,-4.987986406220477
92.77299972582286,1.482683687831198,0.6681574491994695,-23.03400697576729,-1.4926092537922755,98.43243569222635,92.94914566416912,92.16957918616578,-61.403159168066985,-2.0194689189745207
92.72527820194811,1.4827196519091501,0.019652320275625357,-60.20078420508125,0.8315738109620838,98.44643338816392,92.91732476238796,92.26020872533783,-4.978808871032667,0.6735327541930758
92.64761512748242,1.4826844553222145,0.020096896825222643,-62.45179549914564,3.152672873656172,98.4493134650811,92.93541652557572,92.32237108157817,-62.96343845561086,-4.982148939002427
92.7137739191286,1.4827448222451238,0.019755661544948566,-61.55597064303746,25.467628960854867,98.44472004964554,92.94826731535416,92.31917128577919,-62.33915734265748,-4.982224689078597
92.65649323281407,1.482680052039143,0.4497475328922462,15.131761684742258,0.9290493429588906,98.44178149541548,92.81909746345667,92.26056630847214,-6.671773353485638,-1.0313704889247364
92.60761555960865,1.4827062992501396,0.6679985686627674,1.6834194250894825,25.641240321207647,98.43204077066461,92.9561278069286,92.26042757681813,-62.028131517309255,-4.9826972902898365
92.61790490601025,0.1326209439192212,0.12700110798053288,44.378416738572284,36.51532414240954,98.42771204908381,92.91522064616277,92.18376313268003,-61.400455342733,-1.0284251142230016
92.63851958706834,0.1325753514912833,0.12719865965750898,15.009929483041518,36.51490692600614,98.43422293800359,92.91904868544646,92.25363987657822,-61.40042535423491,-1.030946830350916
92.64769573923621,0.1325753514912833,0.1271566995834661,2.8452832519853644,36.515894461874694,98.45355519634307,92.93627979945236,92.29556535389078,-61.40045666604998,-1.0309377175794907
92.71983675423388,1.4902273167006967,0.12723430407950787,43.77515388193796,21.738426787656444,98.45003049229099,92.92077815710812,92.38685543121655,-61.40053914603878,-1.0271000173686584
92.61993894023959,1.4863175440052032,0.02025661750539598,28.088552343897746,21.654344724647146,98.44090095327664,-89.68690438472649,92.29419188436304,-62.028108729085396,-1.0238668609879436
92.69719712841089,1.4863801988412604,0.020253933367371246,43.7750118216084,36.515956759137566,98.44239225247348,-89.68684633435414,92.29419188436304,-62.6511964150249,-1.023103204375027
92.73389141108464,1.488179306861241,0.5586453617460734,-32.537783303274686,-1.490621270115673,98.44069196943842,92.83041927397863,92.07888125067774,-61.40266948311275,-4.985511298356048
92.67326942044842,1.4769781467866778,0.6679711124827179,3.716917139531276,-1.4911619555929625,98.44379836244323,92.7783753177812,92.27148375885525,-64.23712949066693,-4.9859113333473735
92.72751988569664,1.4880440182857626,0.4499159364862493,3.717002594019334,-1.492503249514625,98.44116782773058,92.89574951789861,92.26985867656441,-61.09123828948621,0.9457186431254314
92.61880595907807,1.4828411515863706,0.7771659678547849,3.9585344184481386,-2.6487685737492463,98.40431269909044,92.76694927777609,92.05860769587933,-64.23769565993756,-4.985651540001071
92.67380451021441,1.4879492402576346,-6.2548919951792445,3.7169650749450085,-4.962554715453505,98.40642915435201,92.80303918195368,92.13148411036426,-62.03103961530798,-4.986167739415649
92.70602161178293,1.487823469577691,-7.31898100955146,3.716987726198397,-6.114527770825336,98.45739338257245,92.75415671997149,92.34372579965572,-64.23826351087833,-4.9876338944540715
-9.982150898265122,1.481790151851996,-7.321125507946731,3.715924168799532,-3.8095182730514296,98.43573700195535,92.70649477354387,92.2065700606938,-62.65442575630955,-4.989468274673859
92.51536618150114,1.471108103389227,-4.1259056139720185,-28.824683028350048,-3.8072340525068746,98.41755702119144,92.74954280160532,92.09585310359122,-64.2378133819159,-4.987698299299481
92.44047883560349,1.471134945938502,0.6676429764986125,3.958182823316946,-8.399809866891284,98.41679087814357,92.70355633317634,92.11370962693573,-64.2383378725661,0.265002524100197
92.39991828660068,1.4710962622267374,-4.125919164163333,5.163479918218741,-8.397116524564755,98.41613882622295,92.62278203113789,92.11356169065085,-64.23818326616703,-4.9881589962920705
92.59846798447859,1.47113378884454,0.12604467709738287,3.8361523258552097,-8.397095279624178,98.42110783514019,92.75529267810171,92.19160990438053,-61.71734663478713,-1.0339285161003613
92.60560234634377,1.4766345703088035,0.12592554874353823,3.7162324869476606,-8.397116524564755,98.42230602805574,92.75085627105938,92.19555519602824,-64.23771207845179,-3.012877511803495
92.50288284635926,1.4766179272789088,-4.125181367158364,3.8368474633731893,-8.397095279624178,98.42873845484942,92.73977848276203,92.20854414185185,-61.717625843748664,0.40105785960446383
92.53130622674882,1.4766616775582548,-6.257395834050949,3.7169671938417252,-8.396986283090522,98.42773490950593,92.7618107788473,92.18590477633676,-61.40264937782469,-4.985944602613945
92.5149656857382,1.4766353887315944,0.45037180137101984,3.7173566381056986,-8.393031168162434,98.42954696878482,92.7854667108932,92.2010276660857,-64.23737792126374,-4.986564667786966
92.59392380945155,1.476610643924161,0.234248838804902,3.7171060742578845,67.66028547142449,98.40878666953782,92.87597323002299,92.21072040524096,-61.40155613941975,-1.030920964589075
92.58850185809175,1.4766366442862164,0.12706691684161342,1.551210746732309,-70.7981467573826,98.43107816319485,92.91708303153096,92.21128012129424,-61.400606953820294,0.538063155579394
92.67068222209866,1.476654147298774,0.020108887524358465,-90.84058806505531,24.460867607349712,98.42472811874214,-79.73621779351532,92.33656333233726,-61.400605877647386,0.5382365220998224
92.6631359384451,1.4749433651915638,0.020122340084270718,14.888331755656907,24.300767227855587,98.40149407825221,-80.16058132896892,92.20224107912007,-61.40059768290331,0.5384714118278708
92.49417794456588,1.4752001181602026,0.23418543090416222,-61.10413654211982,-61.53309891209695,98.40414649030566,-98.80317255711424,92.20580099366367,-61.400639736731996,0.5386350805571709
92.67225211116384,1.4790409388473336,0.12710679239788192,-90.84058528926279,36.75422076050685,98.424366487126,-80.1602683933826,92.32317725243747,-61.400598327946675,0.5387506970174059
92.72886435982196,1.486054309076195,0.12710064347486139,48.966116991341444,98.60960654374237,98.44082841809059,-80.01917111646293,92.3232691693019,-61.400587664583774,6.3571342368849315
92.79073188861413,1.4861720037512924,0.12707392573545917,2.332677636368601,98.6069891290735,98.46179685831234,92.88285126783465,92.40401731136996,-61.400572620354964,-4.980773850971847
92.71271744577139,1.4879055808800672,0.12711412579388082,2.4606561896572856,98.60550626487915,98.4665647066526,92.92910360929855,92.41795802993839,-61.40058563991819,-4.977628183471168
92.79364706099287,1.4861800219628094,0.12709912070803853,48.96517657822532,98.60855141754725,98.46168540929214,-80.15991737923541,92.41133165817973,-61.40058989652097,1.994526082093941
92.79746386013554,1.4898434287026703,0.23420962284248503,48.966204908221506,98.60599778670708,98.47084670611794,-80.01880000697503,92.42154675551376,-61.40059768290331,0.5384737106460591
92.80875248484043,1.4898613603119344,0.12710814072302412,48.96601782442201,98.60711972270876,98.47900725826095,92.88896650135489,92.48633447888405,-61.40059768290331,0.5386175163692002
92.81711910337091,1.4899573067583987,0.1271124468875371,48.966093913410404,98.60778232834836,98.4785643235387,92.99840417636099,92.50115531972332,-61.40059768290331,0.5384737519908498
92.81026574190408,2.406275636780066,0.23419538107724236,1.684251300965144,98.60682464089898,98.4785444018065,92.97743796381864,92.50115531972332,-61.40071267892507,0.5384659632817659
92.81494715962204,2.4062758839079237,0.23420120520896148,2.2045469215670295,98.60737557242992,98.4785444018065,93.01358706666002,92.50115531972332,-61.40059768290331,-1.025227298227667
92.90965801148194,1.4900177541233717,0.12695080187697272,48.96570385832528,98.6087320361406,98.47418431802024,92.99297251472282,92.50166275879194,-61.40059768290331,0.5386223798541607
92.89547598930551,1.4900499427792369,0.12709633731034842,48.966076166874814,98.61249886108821,98.47620971387299,92.94103583234217,92.50136064648102,-61.40059768290331,0.538483781723528
92.8098740947916,1.4827273799825065,0.12706842912733407,48.965627502326065,98.6073351416608,98.46892560462449,92.97135844562952,92.42152845544308,-61.40111624451441,0.5384671274638464
92.81679018284979,1.482757120008415,0.12708580125811864,49.08806080798844,98.60740793053996,98.46892560462449,92.97482336952505,92.49881407171337,-61.40067060134951,0.5384719993042637
92.78338947676006,1.4827241814896297,0.12709633731034842,15.508637513973326,98.5974631385715,98.45062485956977,92.99314794634799,92.31936952656494,-61.4006541826817,0.5386175163692002
92.78524316073033,1.4827714991127436,0.12709610020613127,1.946009196726152,98.60287019194311,98.44961487023596,92.98597342694025,92.32998651351032,-61.40059768290331,0.5386119090858159
92.88898313783437,1.4880569225583002,0.02009274431367203,15.507091285553088,67.29085775702106,98.45425467779111,92.96439169428425,92.4016168769583,-61.40067060134951,0.5386175163692002
92.74726538255892,1.4880647711831898,0.12709610020613127,3.719273720445898,98.60329875974695,98.46133443637275,93.01959098862443,92.41667223907663,-61.40071110729297,0.5386127979378159
92.83862948450768,1.4880879956242978,0.019925297253976737,3.716685672175572,0.9291864963065848,98.4631507734877,92.8935968238581,92.41856957652575,-61.401136782314225,0.538171363405695
92.76509215252165,1.4880770763101197,0.23391726996342754,3.717570990347369,24.30013188401758,98.46313680753674,93.08042629842475,92.41365838377773,-61.40060799557271,0.538587821199286
92.76509215252165,1.4880770763101197,0.020112864213615467,15.508898582191648,24.46117230839424,98.4625848618243,93.07433918686945,92.2930863675133,-61.40061703109427,0.5383831140887452
92.77501657790698,1.4880953827392887,0.1270860894595245,3.959663866498687,24.704608440648308,98.46313680753674,93.04651894963696,92.41365838377773,-61.40060827466085,0.5382662879238893
92.81972020107882,1.4880717896146507,0.12673290375646218,4.080092013547912,-4.961521624781361,98.45729515011831,93.00565983196549,92.43189076214888,-61.400720249608256,-1.0267504622314458
92.69496108263692,1.4825165556444801,0.6684003372894267,3.716655767772039,24.29821876045169,98.48101733860847,92.88906441077353,92.36230852417096,-61.40200688576246,0.5381541779791661
92.80364578268511,1.4880451850444842,0.4504886347248629,3.593919693222688,24.297765476609435,98.4372741808419,92.88125272183557,92.3627233524835,-1.1609696638609042,0.5381541779791661
92.74828732372113,1.4878490358621548,0.6684808504793125,3.7167769165961175,24.219343007124124,98.43586092953755,93.04768946405677,92.36432101768983,-62.65209682024947,0.5381217181909506
92.86735597148834,1.4828564636541728,0.6684003372894267,3.7168105051983247,-4.963361881273269,98.43916062805012,92.94643273794105,92.271389267195,-1.1609576099526044,0.5381476676950143
92.83121672090658,1.4878385364980034,0.6683813778209924,3.7163426767404673,24.297718499951202,98.45521263740143,92.82202599484094,92.72808495067615,-0.48164434541730017,0.5372975071568789
92.73177945636425,1.480138479969483,0.6683908305754045,3.958213573035593,24.21915801249014,98.42654172017421,92.92193361467393,92.03644477061714,-0.4811901888356723,-1.0327137733731477
92.5558095485503,1.4801522462190064,0.668382602787176,3.7165456273845905,24.297628543042336,98.36012094458239,92.94176090037786,91.98723975114754,-0.4817147920195493,0.5374542583634963
92.56215614583124,1.472913647653698,0.5585043407620134,3.7164444092730946,24.21798602380658,98.36309251269958,92.83452188774005,92.1254953488366,-0.4811506934300724,0.8101763892474594
92.58219305769855,1.4771909143697854,0.5584671769560572,3.8368190907822566,16.35357265137133,98.34170298002977,92.91973600201916,92.10290367252018,-61.09077629578418,0.26524483982586844
92.66796163647676,1.0245322694143653,0.01901047047050497,3.71626069569416,15.262567164772491,98.35293961069078,92.95770020832053,92.10163447517839,-61.7173159466106,0.6731848805840883
92.60850462333254,1.0284326334414828,0.44987842827849533,4.079354080540227,15.262655038972156,98.3449879147649,92.91036757971162,92.20409161410764,-61.716697387632536,-4.985495682548615
92.70474299935451,1.0246102376012942,0.6677028828076175,3.8365646334033414,24.296619709456117,98.37557796440477,92.92202301500134,92.07863501997757,-61.71671070285103,0.40124269149390557
92.72755438090475,1.028294777176768,0.018999318527008313,3.5938186931275595,16.353244464480568,98.38135775136475,92.93149767703042,92.18481697529741,-61.40257498557506,-4.9859162659324
92.64437651316753,1.4822272760321766,-0.8796492698707736,3.8365511525484237,24.29697127866546,98.39897450585839,92.87978936077124,92.2060466290964,0.5630047920770807,-1.0326281662172307
92.65996640847716,1.4823630670498602,0.6683813778209924,3.716441556363719,24.218181500771465,98.38493716012535,92.92504390021394,92.04881422003922,-64.23733664960365,0.5373285060792057
92.60527062546186,1.4638789307298765,0.6683813778209924,4.440995415396344,16.036210269311802,98.35252029073644,92.88019821226787,91.92242792693112,-61.40270838962665,-1.0323320530926705
92.44981751247279,1.4638759646654904,0.5587573107327444,3.7166858483884653,24.298088303428138,-43.83301850072599,92.87493439546479,92.11610567565293,-0.8222880323172537,-1.0321395165125986
92.51030611264375,1.4611154135681232,0.12705902842425587,3.717625634644179,24.299948575060156,98.33795524720348,93.0515533859517,91.91770490341374,-61.40059736298284,0.5386109973868969
92.67284257750546,1.4574494384974912,0.12710064347486139,15.507942854209404,24.221937362783976,98.29224662540798,93.04681496350636,91.7996068375291,0.5659637600652871,6.810588742565656
92.5779872329898,1.4557655648775238,0.12709610020613127,5.404197541575883,98.60507550080717,98.34560825828837,93.02168405860823,91.82721291284571,-61.40059768290331,6.357097124741941
92.72684708997213,1.4604828045779357,0.12709918527885122,48.96615278477583,98.61551976844795,98.32781562819765,93.03337759841651,91.97035002224477,-61.400597298979555,6.356964446497912
92.54209907051482,1.4606060339689293,0.12711333258405944,49.0884811212589,98.61600080402793,98.332210151784,93.05527867455773,91.99666567928786,0.5665534008964812,6.357243885932846
92.56183818407659,1.485318526083816,0.12709918527885122,49.088804385314994,98.61188631893604,98.39205109976304,93.0292784321872,92.08295259152504,-61.400597298979555,6.356898182725928
92.83255539128152,1.4853557348522344,0.12711333258405944,15.508923392337238,98.6164799659045,-44.35564654750789,93.13642057032362,92.21635674951656,-61.40059592957021,6.357098714244259
92.74304602516791,1.0208231186087886,0.12709610020613127,48.966377746376104,98.6130865903358,98.42154971514016,93.00882599933762,92.22263515928286,-61.40059768290331,6.356961877865544
92.68660352217194,1.4726938426861693,0.12709610020613127,48.96571170903779,98.60627317916237,98.42588229278483,93.00330112404312,92.05866145090599,-61.40059768290331,6.357097086656907
92.66512074869686,1.4697728811127178,0.12709610020613127,15.50876848694368,98.60690393203384,98.37661361676683,92.95751870981155,92.11090020813508,-61.40059768290331,6.3570961010032505
92.48764338304606,1.016157099617729,0.12709610020613127,48.9663670100319,98.61147703811113,98.36985172189073,92.89009024721503,92.04247344896483,-61.40059768290331,6.356960662624644
92.57776933650241,1.4695805402098898,0.12709610020613127,48.96613039304095,98.60882954027235,98.40054925622296,92.98045915153287,92.22728059197998,-61.40059768290331,0.5384779395001829
92.54097053097458,1.0223819736431636,0.12709610020613127,48.966075938599325,98.60855107571784,98.41241267430048,92.9607583172623,91.99563002226665,-61.40059768290331,0.5386236817788159
92.58326464432933,1.4789326331205928,0.12709610020613127,48.96638511797856,98.61342783534248,98.41888223562553,93.0043555251048,92.16733281990996,-61.40059768290331,6.35695953006109
92.62631407384615,1.4804695805065364,0.12710040637064424,48.96646365149798,98.61167518442929,98.40048423239487,93.01270167851717,92.08920679433616,-61.40059768290331,0.538621327458884
92.93418219256523,1.4830215307333248,0.12709610020613127,48.966257627777665,98.6104835728342,98.42316597728431,93.0770812597045,92.24335684875139,-61.40059768290331,0.538472059138769
92.9259086998675,1.488193609372658,0.12709610020613127,48.96633448447353,98.61106811135771,98.40866930432617,92.98153458180057,92.29235245208172,-61.40059768290331,0.5386225154997106
92.94569534399217,1.4873772687897855,0.12710040637064424,48.966230242307674,98.61162623373794,98.46492738795031,93.08623791731127,92.31281322245007,-61.40059830744412,0.5386236817788159
92.79560150207172,1.4877119031437758,0.12710040637064424,48.9661538205351,98.60951307162219,98.46061678608588,92.97479215267258,92.44473808847891,-61.40059768290331,6.470896865479588
92.85785164678623,1.4890662306916624,0.12709918527885122,48.966416583109236,98.6134701345006,98.46671106627024,93.04567326236634,92.40536717449338,-61.40059768290331,6.356954798647749
92.97380122988605,1.4874519962963717,0.12709918527885122,48.96636325196489,98.6119155933691,98.4651533639744,-90.95359094286812,92.40847097285206,-61.400614573149056,6.470951216751644
92.85905310001515,1.487454382753853,0.12709610020613127,48.96638563297496,98.61393352515442,98.46746204045068,92.93559360287549,92.44647356558063,-61.40059768290331,6.471041158621773
92.75079501433619,1.4854871897381088,0.23420485792372858,48.96604642827439,98.61276867048814,98.44951867991405,92.92310253643913,92.35908403093757,-61.400585522143686,0.5384808420895126
92.66396973841671,1.4876001500390572,0.23420485792372858,48.96641478217646,98.6145120382942,98.43311537285152,92.96229317886018,92.1421294398765,-61.40061415403692,6.356932967842923
92.76727151892958,1.4854921077500478,0.12709610020613127,48.96615806332796,98.61055705353355,98.42867613917619,92.97505981153571,92.12153008138755,-61.40059768290331,6.3569549727087775
92.7130525183584,1.4837927519875223,0.12709610020613127,15.63224275818314,98.60829404278486,-65.25701487026247,93.07547344836013,92.23284806266895,-61.40060101547058,0.26631139906906753
92.79957547638587,1.4797111814092574,0.23420485792372858,48.96617201667724,98.60887068383452,98.36704057340432,92.94405612118267,92.10270077834576,-61.40058645381966,0.5384689421635613
92.61432176323409,1.4737026494790797,0.23420485792372858,48.966111423808385,32.93295025270376,98.36576083186769,92.8739011658178,92.00353696925245,-61.4006000454387,0.5384753153089576
92.71332237399139,1.4743275779387517,0.12709610020613127,48.96643596003529,98.61195351564945,98.3681830322771,93.0297515147252,92.0138140369201,-61.400613890421695,0.5386172128476119
92.61721724208363,1.4761593890087426,0.23420485792372858,48.96623744139545,98.60784983244251,98.36287547336279,-80.0193342889703,91.92693542004976,-61.400602922400054,6.356875531785363
92.6417183420101,1.4757289797892241,0.12709610020613127,48.9663733317945,30.84306724554297,98.35578806296213,-80.15983796154127,91.70944469732541,-61.40059244331058,6.58463042253193
92.34818603194692,1.4745094172599664,0.23420485792372858,15.632621333843943,35.7737436286348,98.30491388611887,92.8190893493438,91.67252816782512,-61.400590618314524,0.5385794448995682
92.37704723453507,1.4723823289154154,0.2342080037145564,48.96574827238487,55.14041178526921,98.30303263295342,92.79719522991793,91.66908571953488,-61.40059768290331,0.5384529809004874
92.46121302852391,1.0209309050044055,0.12709610020613127,48.96617054837798,98.61039055072929,98.31724748767803,92.71250906564211,91.78974748293155,-61.40059768290331,0.9468153462932207
92.54597068956696,1.4746274098691856,0.23420485792372858,48.96618445566399,33.426880214939956,98.31444377710912,-80.16058299513467,91.68148067431721,-61.4005831596083,6.35694633322457
92.45781840186312,1.4749641205435466,0.23420485792372858,48.96587476686307,35.39844048555958,98.32255471197604,92.84628525445878,91.67404213587685,-61.40103154713986,6.356929264476548
92.65711076425414,1.0226971413640058,0.12709610020613127,48.966467603542995,98.61231145250271,98.35757625339818,-79.87870881966083,91.82511120978447,-61.40059768290331,6.357092506416862
92.5341487632398,1.0223112887970558,0.12709610020613127,48.96638410618918,98.61221348269719,98.34650033116907,-80.16048613181727,91.90649137616789,-61.40059768290331,0.5386169354041925
92.53933800845054,1.4756918966348422,0.12709610020613127,15.632904827478256,98.61254374380091,98.36902547737633,93.03512472408946,91.94361979533736,-61.40059768290331,0.26644738035214743
92.38311132480015,0.11668591206216661,0.23420485792372858,48.96616583603562,98.60698530897336,98.31602832472797,92.62103505137267,91.61906639094916,-61.400600239925005,0.2664156015740531
92.50991137087185,1.4751397329676905,0.12709610020613127,15.633011843603526,98.61078022096663,98.35566435988413,92.96339934756747,91.91478073272638,-61.40060097711468,0.5386157027710397
92.46333238142283,1.4755303307802023,0.12709610020613127,47.11319482506799,31.565677058046397,98.32415809859042,92.93351005429473,91.694695162656,-61.400600201569105,1.08177464385912
92.56997984241983,0.11724846462507799,0.12709610020613127,48.965592565479476,98.60794518623769,98.34089494321442,-79.87882448575185,91.73683671676295,-61.40059768290331,1.9945471736452731
92.5303655013711,0.5626607777817156,0.12709610020613127,48.96586566553894,98.61134105862247,98.33118718575733,92.8920923398351,91.70512575472559,-61.40059768290331,0.5384780449632842
92.55523310024424,0.11760353105655952,0.12709610020613127,48.966383051240314,98.61350187376848,98.3366484483391,92.98236486327173,91.95245526265406,-61.40059768290331,1.9945496237020137
92.52071635139721,0.11664591807063118,0.12709610020613127,15.632994322316378,98.61458107758385,98.31413018092883,92.8017975101917,91.7629004180597,-61.4005863438584,0.5385987897289937
92.5477402783624,0.11666847024582694,0.12709610020613127,15.632563692804752,98.61136046384668,98.32318255382302,92.98410972552557,91.76229924110146,-61.40059768290331,6.357094165524842
92.6062072878684,0.11752688789060528,0.12709610020613127,48.96627400560545,98.61484934315239,98.32146487900798,92.92471716393425,91.8286618413262,-61.40059768290331,6.357100939099553
92.41168480601763,0.11667118195816784,0.23420485792372858,48.966193256392074,98.61510564649501,98.30720460653923,92.92094070980879,91.69867258289473,-61.40058754943929,0.5384690716730631
92.69699019947105,0.11660589724647252,0.12709610020613127,48.966161814012246,98.61558092734572,98.3109660957922,-80.1605360833379,91.63235106536882,-61.71449431385176,1.9943917856502082
92.71214659579206,0.1169648704878341,0.12725122927439259,15.63285186400455,98.61510099772904,98.30390774487262,-80.01914054426967,91.64559774614018,-61.40059060042279,1.9947637266895555
92.5920937925745,0.11710070001116435,0.2343599869919899,49.0887613952446,98.61672496771425,98.30337186035398,-80.01917022426163,91.64213305016995,-61.40059151414943,0.538700151192657
92.47527755502327,0.5633084880976611,0.2343599869919899,48.96615567596854,98.61585111273902,98.3076924260513,92.89990400493463,91.6431214987854,-61.40103746761703,0.5384657567046389
92.73824214355393,0.11682231498629392,0.23420485792372858,48.96620913179737,98.61489778034043,98.31133554770277,92.9429541640707,91.651498824599,-61.40059684592686,0.5385915200697156
92.68146363079207,0.5638655836951187,0.12725122927439259,49.08895118299777,98.61679868841543,98.29143854744652,-80.01882020394582,91.71392007858391,-61.40058913882874,0.5384667652256354
92.71067596892604,0.11810287220181692,0.12725122927439259,49.08877120825515,98.61542557138753,98.2826992441983,93.05990067703323,91.81161701487761,-61.40058929495915,0.26666684041643407
92.57142464843741,1.0122568493503223,0.2343599869919899,48.96631122978171,98.61260999720943,98.29036922908459,-79.87877461499676,91.70476523840219,-61.4005905901907,0.5387026173483491
92.63541286059257,0.11596147866815443,0.23420485792372858,48.966265279978444,98.61457388350796,98.26357526744052,-79.73602225057758,91.66177611152936,-61.40059355417274,0.5388373463499079
92.55290093349679,0.11597990369638467,0.12723947599752705,49.08859636910829,98.61507451335272,98.25731918422038,-80.16012769885923,91.62592150742717,-61.40059114556419,0.5388425597928688
92.54657873745911,0.5608418838706228,0.12725122927439259,49.08892853831897,98.61497157212163,98.2564135227075,-91.06262019463006,91.6375983530655,-61.40059255847427,0.5388425597928688
92.63455112566511,0.11664630866376058,0.12722533446776652,49.08885136728888,98.61458409853202,98.28517852664841,-80.1600013440205,91.65370143033313,-61.40059187760903,0.5387081952652437
92.71022583354856,0.11954894990360287,0.450935442997519,49.08880105118621,98.61403795650358,98.31386601574836,-79.5946648700532,91.98418186322984,-61.40059255847427,0.5387081952652437
92.71247188600891,0.12170818897016034,0.12725122927439259,48.966438785358754,98.61445924368284,98.36595786708276,92.99424293811344,92.18205593342306,-61.400594813524826,0.5385992412334559
92.62896779593171,0.1232868182226241,0.4509341717699158,49.088571989612504,98.61408656498593,98.3334167250872,-79.73633241997376,92.09541246920269,-61.400592886111994,0.5388392589487552
92.56139003321933,0.12315674668100485,0.12725122927439259,15.50889935745991,98.6151138631172,98.38092997972223,92.89618440261933,92.34881903152458,-61.40097690132602,0.5387046322361897
92.65218252895296,1.4841342266930724,0.02026945484630005,49.08830808003144,98.61350185099252,98.38838722343768,92.8076001428071,92.12643003626137,-61.400579902389836,0.5387081952652437
92.6083225235132,0.1356299054393162,0.4509577602569408,44.88058857518102,98.60818001022415,98.4028377908401,-79.73596541065382,92.15886898791348,-61.40059078721104,0.5387046322361897
92.65308863698598,0.12303588628675755,0.45093997948606557,7.439139737413797,24.540475908859463,98.37154069226816,92.77974412694832,92.15782972494533,-61.40058573957058,0.5387081952652437
92.582300525934,0.12315674668100485,0.23433522605992607,7.439263083207933,98.60759037614598,98.36637446302689,92.85131984407936,92.14589127115835,-61.400579971480376,0.5387081952652437
92.59771569991196,0.12319345331403042,0.12723790358641907,7.932002134575839,2.163281724350057,98.40709416312198,92.84659891740736,92.1549420562154,-61.40059075906802,0.5388187084537464
92.62245113846691,0.12315674668100485,0.02026337628400654,7.4395190446902575,24.7047559973215,98.38429811300924,92.8140323873442,92.1529904701784,-61.40058285746439,0.53867934466507
92.60923821966861,1.485419649398878,0.23433248457942568,6.479035794562392,1.3287839600639018,98.39997660165182,92.93622848473716,92.09380392363484,-61.40058462110636,0.5387074296643277
92.64291471552718,1.4854358345449015,0.12724971662001394,15.507779850638244,24.221859124039526,98.37126593278515,92.83723990100972,92.2148364127197,0.5668126755347913,0.5386806659606549
92.62031059500063,1.4854473068565,0.4509310240491118,7.4386028982470975,24.300749184152103,98.34631086723165,92.81945125061537,92.12504869529047,-61.71488972944559,6.698250493568423
92.5615107768253,1.4827792288038637,0.4509310992383746,9.512154265334203,24.3006112331396,98.35761384724879,92.85009118810741,91.85703939424187,-61.40082194498214,1.0819680911496619
92.60581189337083,1.4854528705248384,0.4509469765398819,0.7752452433945507,24.622141088670865,98.41358600473785,92.79846878641982,92.09300141331802,-61.08927906632352,6.6983278598714975
92.5033802619063,1.4849738065140485,0.45096288323907174,7.439056039849817,24.299652460514345,98.42971167763254,92.5489845353357,92.07701256927952,-61.08891527401849,1.348624038031474
92.58304943617765,1.482081939672696,0.45072302146259347,2.0741583869943554,24.221721458133132,98.35788266544412,92.74032669051,92.08702968383571,-61.08926256123015,6.698067184243854
92.56775880161966,1.4850015948992166,0.1272541789312669,-57.89963759493327,98.60474198691486,98.36734240801589,92.92062537159305,92.03541381849813,-61.714488782423985,-1.0231523349520428
92.5753011388507,1.4849708313845866,0.4509756157328013,44.87846276272876,24.300397258888545,98.37166597504643,92.81529533861587,92.0595229605027,-61.08928264661078,6.698254440654509
92.49419328109134,1.4850015948992166,0.23435730914985697,-60.653405826428255,24.461294794541246,98.34440185277967,92.88534057055843,91.9359438147569,-61.400966308896585,6.698110075148733
92.5360325675862,1.4850015948992166,0.23435730914985697,-59.287093432849865,31.322486783444447,98.35222011665833,92.85888774958815,91.93654119732555,0.566268769804708,6.698110012992814
92.64172431180239,1.4854148860231646,0.12723194938782,-61.103541273375335,30.236301083872135,98.37503435180571,92.8246826360384,92.1633778542859,-61.4010408412278,6.6982062415530805
92.54155456585288,1.4850079797238322,-0.8749761410993563,-57.43828180890093,0.35156224703943906,98.34823325602517,92.78237650595361,91.98083725365828,-61.40096604770019,6.698111038334872
92.36931132728785,1.4834709608074803,0.12722489932131964,8.294541159584398,20.430067965119832,98.34366609999361,-79.73686833489478,91.77772349731588,-61.401076822921844,6.6981619229633935
92.66572378260211,1.4862174002341533,0.23433449263575312,44.88015173315468,24.30044601247235,98.35941021662181,92.82697430573718,92.06708626646848,-61.400970033066464,0.5386781272659391
92.38529266375411,1.4850015948992166,0.12692437003312307,6.478824000975791,1.9508478830486666,98.3441610010179,92.76200284477379,91.7189948113726,-61.40094624394172,0.5386710899029055
92.47792739907214,1.4849771983579814,0.4509648199299221,6.128923464207105,23.230604341346968,98.33895443232136,92.71162630959219,91.96557553935486,-61.401454699233554,6.698108026941071
92.58248392242362,1.4854148860231646,-0.8757325883561625,5.164969768168959,20.244301102470992,98.35280044279473,92.46434450173567,91.86832799298827,-61.40467557171565,0.5386427455664062
92.35830019215271,1.4850011041021531,-0.8769779157591201,-54.116214482346344,6.295713333447978,98.35124636685453,92.73086765827956,92.0845060863029,-61.40104406744287,6.584912005079062
92.64452022936445,1.4635516327125089,0.02002803721885016,1.8145329927353515,1.027986136014846,98.34845600397459,92.82315195110019,92.03130367783783,-61.4010123564999,6.6975720147521685
92.5001209796303,1.4720440286314869,0.02002624267342412,-60.65284780580072,0.5421666595510146,98.37697916261563,-79.59462929432227,92.03847576321621,-61.401026882079364,1.081964087672418
92.63623131818468,1.4820809623600866,0.12714420910923252,-61.10355544230948,24.87289129532303,98.3612470680511,-79.87855521417661,92.11360649861429,-61.40102689745628,0.5386729169889151
92.65619598053098,1.4756889765792067,-0.8750988846454489,-61.10374802675321,1.0283185735213038,98.37361802397676,92.86512166855236,91.98728148282876,-61.401058890213385,0.5386729844608169
92.50185438299609,1.4762119827978921,0.12688494108023463,0.9037259846695775,6.53405331105192,98.39088556004938,-79.59465225453853,91.90954781862482,-61.40123855075245,-12.728106607210611
92.42516699398038,1.4715107463423323,0.1270833552218278,-59.28620539492633,1.228261469162348,98.34278794948595,-80.01964460153997,91.91186403458256,-61.71497955336086,6.698021703536469
92.59654992360935,1.4752321836844686,0.4507995095405306,1.9453981260453475,24.300198792224236,98.35458456958806,-80.01912937104808,91.88610076810494,0.3482745778280645,6.584671860885564
92.43606231062144,0.12043830710675252,0.234137354398527,-60.199878302550715,0.734570831265728,98.34432193025766,-80.01923046281124,91.9166081372594,-61.401033629281706,6.697516062089207
92.64300469215148,0.11958235304231835,-0.8765412795827899,-14.28724373361813,0.8315945932834836,98.35156879408451,-90.74088979783802,91.77109741306434,-61.40130532720559,-7.937018537947776
92.5373005597182,0.12046255662643546,0.020020004552620208,3.718001299224113,59.92678154801471,98.34530145890459,-90.95385388223352,91.9968157434777,-61.714938399820824,0.266509234293693
92.34003133186266,0.12043830710675252,0.020012617211463635,4.922712413915065,6.4145892015771295,98.34187060830752,-80.16021022104619,91.85921909142587,-61.7150978859045,6.810405478208764
92.47940558749768,0.12046255662643546,0.12696535051443902,4.0796815755686,98.57162079577402,98.34184842635887,92.77425116968534,91.77826836866741,0.3473634416927922,-1.0240338883035525
92.44419393832995,0.12046255662643546,-0.8763386454637623,5.1648561476145005,24.45975501183851,98.34163251790847,92.77517749418942,91.97817036222209,-61.40152369042324,0.2664948744051969
92.49609325270495,0.12046255662643546,-0.8782794615265369,3.7165664480510543,24.299387280621495,98.3293941800564,-79.87872969716325,91.84649922497356,0.7821012147206403,-16.390105537258044
92.53882395890949,0.11720380199483316,-0.8792045716943482,4.079513928729455,24.29934260982489,98.34109343741497,92.78483429877646,92.03060206711187,0.34596472573592507,6.697917505258161
92.40196914960397,0.118785391956294,-0.87619230158793,4.923680891739238,24.300028140396698,98.34610072974533,92.79072055706189,91.88211232132954,-61.7149399985209,6.6978881589120505
92.4877061993107,1.4671741004059413,0.5583647522699664,3.8380361778950487,24.299809521422468,98.34167646898261,-26.77608770583513,91.86402684104755,-61.40484433781575,6.69794568423994
92.37853346721248,0.11977470418169389,0.020048673974471853,4.32078125253463,24.299393244142188,98.35631612572728,92.86700256488278,91.89675816455097,0.3479010844092727,6.584759453955741
92.60642241592615,0.12518124890038962,-0.877503689168493,5.403512898593917,24.299949572169623,98.37966316818779,92.88863162301381,92.00918192993606,-61.71484052260605,6.697961738029036
92.53196493019789,0.12400205839020373,0.12723962299318714,6.129137310191112,24.3002043201423,98.35887966329969,-80.16027427152001,91.89038711937258,-61.71492374744419,6.698090820311776
-21.097921255170736,0.12340144729881786,0.5585703491326655,5.045790382216225,24.29958513101554,98.34376096906747,-80.15984861954263,91.82752571927693,-61.71482301891545,1.216160447450065
-22.764061467328144,0.1148589602484833,0.6685658187954715,6.130009271151508,24.300748721356058,98.36823680725811,92.84104550790728,91.86143295396651,-61.40099330935861,0.5386766588931806
-87.9524425624383,1.4717671471119331,0.020059577617047353,4.202376713239403,24.30042864355095,98.34655522585017,-79.87926049390434,91.77026982710694,-61.714967800099096,0.5386696361929921
92.60194058671165,1.0231963679685663,0.020027014472887572,44.88001744012245,98.60817145832064,98.35519320377793,92.81263227336896,92.2014424468473,-61.40093819809072,0.5386803700275209
92.58243087522449,1.031054994358655,-3.0385197449959542,15.508435313175681,98.60985209929297,98.36571958914294,92.82142470668894,92.00392014844604,-62.028682687713925,0.5386855051544188
92.71305074910727,1.4765949663664912,-5.185375418975892,15.508217036214674,98.61432623740771,98.37500347528025,-80.01886596243605,92.21765745156331,2.5339952951374016,0.26652727767172735
92.7241649073974,1.4769578318020535,-0.8735354514180691,6.596174528858185,98.61098542460992,98.38444042299133,92.83611002661462,92.13913568057714,-61.714854809488195,0.5386772976609535
92.68700911334618,1.0359089185722894,-4.114327024317765,49.087871803475224,98.60764230602955,98.38527111080178,92.86115340127013,92.08437345217747,-61.400914255523176,6.6981049844917635
92.7408688508326,1.0237297275618715,0.020287054424230178,49.0876993342377,98.61081720971677,98.41946136414683,92.89825873928578,92.48394215719259,-61.40092104094703,0.5387081952652437
